n,threads,method,rank_block_rows,median_s,mad_s,speedup_vs_sklearn,peak_rss_mib,exact_scores_match_sklearn,exact_penalties_match_numpy,timed_trials_completed_utc
2000,1,sklearn,256,0.3175923100006912,7.223900047392817e-05,1.0,217.23828125,True,,2026-09-30T23:59:11.626378+00:00
2000,1,numpy_broadcast,256,0.24283880700022564,0.0034680550006669364,1.3078317832470496,163.65234375,True,True,2026-09-30T23:59:13.860085+00:00
2000,1,numpy_sortsearch,256,0.2645993759997509,0.0007116010001482209,1.2002761110101416,160.24609375,True,True,2026-09-30T23:59:16.082339+00:00
2000,1,sklearn,32,0.31876334699973086,0.00022465800066129304,1.0,217.21875,True,,2026-09-30T23:59:03.452017+00:00
2000,1,numpy_broadcast,32,0.28018068600067636,0.0035752870007854654,1.1377063549589617,157.19140625,True,True,2026-09-30T23:59:05.806274+00:00
2000,1,numpy_sortsearch,32,0.2672455590000027,0.0027560460002860054,1.192773223968626,156.85546875,True,True,2026-09-30T23:59:08.109604+00:00
2000,9,sklearn,256,0.34166827100034425,0.00018853399978979724,1.0,219.62109375,True,,2026-09-30T23:59:28.385835+00:00
2000,9,numpy_broadcast,256,0.2663389930003177,0.002631305000249995,1.2828323301497828,166.12890625,True,True,2026-09-30T23:59:30.709967+00:00
2000,9,numpy_sortsearch,256,0.28327301100034674,0.00010500500047783135,1.2061448063611186,162.77734375,True,True,2026-09-30T23:59:33.133353+00:00
2000,9,sklearn,32,0.32845741500022996,0.0015807159998075804,1.0,219.7890625,True,,2026-09-30T23:59:19.848684+00:00
2000,9,numpy_broadcast,32,0.2677105989996562,2.8266999834158923e-05,1.2269122560988022,159.59375,True,True,2026-09-30T23:59:22.191217+00:00
2000,9,numpy_sortsearch,32,0.27733259499927954,0.00218701400081045,1.1843447936622207,159.1015625,True,True,2026-09-30T23:59:24.610316+00:00
10000,9,sklearn,256,9.537959605000651,0.011367516000063915,1.0,2432.03125,True,,2026-10-01T00:00:40.066138+00:00
10000,9,numpy_broadcast,256,3.337683974000356,0.03823843900045176,2.857658088452575,938.69921875,True,True,2026-10-01T00:00:54.845848+00:00
10000,9,numba,256,1.2319283870001527,0.008106010000119568,7.742300368795275,1039.96875,True,True,2026-10-01T00:01:01.434151+00:00
10000,9,sqrt_numba,256,1.1283197100001416,0.004656781000448973,8.453242038109442,1040.16796875,True,True,2026-10-01T00:01:07.711153+00:00
