implementation,metric,n,kTrue,kPred,medianMs,sklearnMedianMs,speedupVsSklearn,absoluteErrorVsSklearn,fixtureSha256,normalization,sklearnJoint,warmups,samples,callsPerSample
javascript_dev4,ari,10000,50,50,0.29319419999999924,1.453737799602095,4.958276117338265,0.0,279feca5928fc800740b903785912ce2195975f2164b7281e379258eb5377042,arithmetic,two separate public calls,20,21,5
javascript_dev4,ami,10000,50,50,0.37608339999999885,24.669976999575738,65.59709096326989,1.992850329202156e-13,279feca5928fc800740b903785912ce2195975f2164b7281e379258eb5377042,arithmetic,two separate public calls,20,21,5
javascript_dev4,joint,10000,50,50,0.3863488000000018,26.42019539998728,68.38430816916515,1.992850329202156e-13,279feca5928fc800740b903785912ce2195975f2164b7281e379258eb5377042,arithmetic,two separate public calls,20,21,5
javascript_ungrouped_baseline,ari,10000,50,50,0.3340818000000013,1.453737799602095,4.351442669436316,0.0,279feca5928fc800740b903785912ce2195975f2164b7281e379258eb5377042,arithmetic,two separate public calls,20,21,5
javascript_ungrouped_baseline,ami,10000,50,50,8.343403199999988,24.669976999575738,2.956824260821504,1.9773072068574038e-13,279feca5928fc800740b903785912ce2195975f2164b7281e379258eb5377042,arithmetic,two separate public calls,20,21,5
javascript_ungrouped_baseline,joint,10000,50,50,8.19397599999993,26.42019539998728,3.2243437618059296,1.9773072068574038e-13,279feca5928fc800740b903785912ce2195975f2164b7281e379258eb5377042,arithmetic,two separate public calls,20,21,5
python_dev3_numpy,ari,10000,50,50,0.08016700012376532,1.453737799602095,18.133868017485387,0.0,279feca5928fc800740b903785912ce2195975f2164b7281e379258eb5377042,arithmetic,two separate public calls,20,21,5
python_dev3_numpy,ami,10000,50,50,0.3377496002940461,24.669976999575738,73.0422093115668,1.9895196601282805e-13,279feca5928fc800740b903785912ce2195975f2164b7281e379258eb5377042,arithmetic,two separate public calls,20,21,5
python_dev3_numpy,joint,10000,50,50,0.32682119999662973,26.42019539998728,80.83990695909485,1.9895196601282805e-13,279feca5928fc800740b903785912ce2195975f2164b7281e379258eb5377042,arithmetic,two separate public calls,20,21,5
python_dev3_numba_warm,ami,10000,50,50,0.19842940018861555,24.669976999575738,124.32621867589117,1.9895196601282805e-13,279feca5928fc800740b903785912ce2195975f2164b7281e379258eb5377042,arithmetic,two separate public calls,20,21,5
python_dev3_numba_warm,joint,10000,50,50,0.20970639961888082,26.42019539998728,125.98659577391624,1.9895196601282805e-13,279feca5928fc800740b903785912ce2195975f2164b7281e379258eb5377042,arithmetic,two separate public calls,20,21,5
sklearn_1_8,ari,10000,50,50,1.453737799602095,1.453737799602095,1.0,0.0,279feca5928fc800740b903785912ce2195975f2164b7281e379258eb5377042,arithmetic,two separate public calls,20,21,5
sklearn_1_8,ami,10000,50,50,24.669976999575738,24.669976999575738,1.0,0.0,279feca5928fc800740b903785912ce2195975f2164b7281e379258eb5377042,arithmetic,two separate public calls,20,21,5
sklearn_1_8,joint,10000,50,50,26.42019539998728,26.42019539998728,1.0,0.0,279feca5928fc800740b903785912ce2195975f2164b7281e379258eb5377042,arithmetic,two separate public calls,20,21,5
